#,Program,label,handles_num,hiveList,dlls_ldrmodules_num,dlls_ldrmodules_unique_mappedpaths_num,dlls_ldrmodules_InInit_fales_num,dlls_ldrmodules_InLoad_false_num,dlls_ldrmodules_InMem_False_num,dlls_ldrmodules_all_false_num,modules_num,callbacks_num,processes_privs_enabled_not_default_num,processes_psxview_exited_num,processes_psxview_false_columns_num,processes_psxview_false_rows_num,processes_psxview_num,processes_psxview_pslist_true_num,processes_psxview_psscan_true_num,services_svcscan_num,services_svcscan_running_num,services_svcscan_stopped_num,dlls_dlllist_unique_paths_num,mutex_mutantscan_num,threads_thrdscan_num,pslist,tcp_and_udp_connections,total_reg_events,read_events,write_events,del_events,executable_files,unknown_types,https_requests,dns_requests
1,Baseline,0,100,568,2635,467,130,78,78,78,156,10,7,5,60,60,60,0,393,139,254,15453,446,791,25,24,1,0,0,0,0,0,0,12,44
2,Legitimate word document,0,97,497,1484,504,103,68,68,68,155,9,1,5,47,47,47,0,393,134,256,16060,443,965,1881,915,911,55,0,2,0,0,0,12,47
3,Wireshark,0,98,502,2133,492,117,75,75,75,156,12,2,5,45,45,45,0,392,139,253,13222,420,637,1709,812,796,63,0,0,1,4,2,12,45
4,Procmon,0,97,523,2242,476,114,62,62,62,156,9,2,5,47,47,47,0,393,134,259,14352,423,702,396,377,19,0,0,0,0,0,0,14,48
5,Avast antivirus,0,98,514,2746,496,144,94,94,94,155,9,1,5,52,52,52,0,391,132,253,16122,413,769,1251,1035,579,0,0,0,1,0,0,13,52
6,MS word doc with macro,0,98,512,2585,519,131,87,87,87,154,10,1,5,47,47,47,0,393,137,258,13900,410,722,1015,1033,525,57,0,0,0,0,0,12,47
7,Spotify,0,97,509,2432,506,106,79,79,79,154,9,1,5,43,43,43,0,393,134,259,13432,412,672,1123,1025,503,41,0,0,0,0,0,12,45
8,7Zip,0,98,504,2114,483,137,81,81,81,156,9,2,5,53,53,53,0,393,139,254,12257,463,712,1286,1196,623,0,0,0,0,0,0,12,48
9,Zoom,0,98,521,2493,502,121,98,98,98,154,10,2,5,47,47,47,0,393,137,258,14463,421,748,1344,789,478,0,0,0,0,0,0,13,45
10,Google chrome,0,98,516,2123,523,129,83,83,83,154,10,1,5,55,55,55,0,393,140,253,13874,411,698,1886,1504,342,0,0,0,0,0,0,12,47
11,WhatsApp web,0,97,507,2653,502,132,78,78,78,156,9,1,5,44,44,44,0,393,137,258,13921,416,643,1621,1128,421,6,0,0,0,0,0,12,44
12,Outlook,0,98,493,1728,521,118,73,73,73,154,9,2,5,56,56,56,0,393,134,259,13280,412,709,1104,1016,445,3,0,0,0,0,0,13,48
13,Adobe Reader,0,97,526,2343,483,138,89,89,89,154,10,2,5,52,52,52,0,393,137,258,12421,428,631,1498,996,512,0,1,0,0,0,1,13,48
14,Microsoft store,0,97,573,2534,443,119,63,63,63,154,9,1,5,46,46,46,0,392,139,253,12318,434,718,1023,894,517,0,0,0,0,0,0,12,45
15,Firefox,0,98,512,2013,424,138,71,71,71,156,9,1,5,52,52,52,0,393,134,259,13426,463,728,1115,1021,529,0,0,1,0,0,0,12,44
16,Skype,0,97,501,2404,502,129,63,63,63,154,10,1,5,49,49,49,0,393,137,256,12798,421,673,1017,653,322,3,1,0,0,0,0,13,44
17,Microsoft Excel,0,97,523,2371,478,118,76,76,76,154,10,2,5,43,43,43,0,393,134,259,13248,410,702,1151,1006,536,0,0,0,0,0,0,12,44
18,VMware,0,98,507,2236,521,136,69,69,69,155,9,2,5,59,59,59,0,393,140,253,12287,449,673,1089,1034,486,0,0,0,0,0,0,13,45
19,iTunes,0,98,546,2115,496,109,73,73,73,155,9,1,5,46,46,46,0,393,137,256,14321,407,724,991,967,511,13,1,0,1,3,2,12,48
20,Microsoft Edge,0,97,512,2132,501,131,59,59,59,156,10,2,5,51,51,51,0,393,134,259,13871,421,697,1610,1542,394,0,0,0,0,0,0,12,45
21,KeePass,0,97,513,2112,523,112,78,78,78,154,10,1,5,58,58,58,0,392,139,253,16548,422,713,336,114,756,62,0,0,0,0,0,12,44
22,Windows Defender scan,0,98,486,1833,496,136,83,83,83,154,9,1,5,49,49,49,0,393,137,258,12874,417,648,1249,1428,313,42,1,0,0,0,0,13,44
23,Notepad ++,0,97,521,2341,467,127,66,66,66,156,10,2,5,55,55,55,0,392,133,259,15489,443,721,1076,776,602,0,0,0,0,0,0,13,48
24,PowerShell,0,98,532,2058,504,106,71,71,71,154,10,1,5,47,47,47,0,393,134,259,13651,491,786,1468,1026,416,4,0,0,0,0,0,12,45
25,Emotet,1,98,609,2337,538,111,70,70,70,155,9,1,5,43,43,43,0,393,136,257,12624,469,635,2414,1639,703,72,2,5,13,15,5,16,51
26,GZipDe,1,95,671,2561,675,152,99,99,99,155,10,2,5,56,56,56,0,393,140,253,16741,552,790,1271,926,344,1,0,1,1,1,0,14,56
27,Macros,1,98,532,2482,551,134,90,90,90,154,10,7,5,52,52,52,0,393,135,258,13301,488,679,1955,1236,649,70,1,5,1,1,1,14,52
28,| Valyria,1,98,526,2534,538,140,95,95,95,156,9,1,5,47,47,47,0,393,136,257,15073,446,822,1808,1149,604,55,1,2,3,6,5,15,49
29,LokiBot,1,98,506,1776,115,113,72,72,72,156,9,2,5,46,46,46,0,393,140,253,13878,445,809,1165,1039,121,5,3,2,0,1,25,14,53
30,August,1,99,576,1261,490,104,74,74,74,157,10,2,5,40,40,40,0,393,134,259,12917,407,798,2063,1310,697,56,1,11,4,8,5,14,47
31,JS_POWMET,1,98,608,2514,502,127,79,79,79,157,9,1,5,50,50,50,0,393,138,255,14536,427,793,310,231,79,0,1,0,0,2,2,16,50
32,Keybase,1,97,525,2936,1016,795,755,755,755,156,9,2,5,43,43,43,0,393,137,256,14245,429,793,2006,877,124,5,0,0,0,1,1,15,54
33,Kovter,1,98,579,2316,492,126,84,84,84,154,12,0,4,43,43,43,0,393,136,257,12259,419,609,393,302,90,1,0,0,1,17,0,13,52
34,Rozena,1,98,623,2418,556,133,73,73,73,156,9,2,5,47,47,47,0,393,138,255,13876,443,798,1844,1183,604,57,0,2,0,0,1,13,50
35,Phase Bot,1,98,556,2569,543,136,93,93,93,156,9,2,5,50,50,50,0,393,137,256,14423,479,806,1424,923,588,13,0,0,3,7,17,14,49
36,Silence,1,98,513,1767,498,196,89,89,89,154,10,2,4,43,43,43,0,393,137,256,15646,484,688,2191,1317,728,41,0,3,7,8,21,13,46
37,CryptoWorm,1,97,569,1892,623,113,90,90,90,157,9,1,5,47,47,47,0,393,138,255,13775,492,811,1871,1631,113,7,4,2,4,12,7,14,52
38,CodeFork,1,98,591,2317,517,172,69,69,69,154,9,2,5,48,48,48,0,393,140,253,13423,434,613,2023,1121,623,12,1,7,5,4,6,16,46
39,PowerWare,1,98,616,1483,639,118,70,70,70,155,9,1,5,43,43,43,0,393,136,257,12624,469,720,2413,1643,721,73,2,5,14,12,5,16,51
40,Poweliks,1,98,668,2463,548,126,86,86,86,155,10,2,5,51,51,51,0,393,136,257,12241,413,673,1637,1061,453,31,0,2,3,8,2,15,52
41,benign_1,0,98,521,3497,901,602,549,549,549,177,48,14,2,65,65,65,57,56,545,213,25758,1117,527,1075,56,73,83,7,32,14,0,0,0,0
42,malware_1,1,98,418,3696,900,617,559,559,559,177,48,12,2,68,68,68,61,60,545,207,26180,1120,531,1101,60,444,56,0,32,14,0,0,0,0
43,malware_2,1,98,619,3385,854,732,676,676,676,177,48,12,2,86,86,86,78,77,545,205,24959,1096,567,991,77,3,23,7,32,14,0,0,0,0
45,malware_3,1,98,518,3440,878,596,542,542,542,177,48,12,2,69,69,69,62,61,545,207,24963,1114,504,1047,61,74,83,0,32,11,0,0,0,0
47,malware_4,1,98,518,3672,895,615,558,558,558,177,48,12,2,68,68,68,60,59,545,207,26055,1117,516,1077,59,3,56,0,32,14,0,0,0,0
48,malware_5,1,98,518,3440,878,594,540,540,540,177,48,12,2,72,72,72,65,64,545,208,25033,1117,508,1043,64,456,70,7,32,11,0,0,0,0
49,malware_6,1,98,721,3543,907,743,671,671,671,177,48,14,2,66,66,66,59,58,545,212,25861,1103,517,1074,58,4,26,3,32,11,0,0,0,0
52,malware_7,1,98,618,3469,885,611,557,557,557,177,48,12,2,64,64,64,57,56,545,207,24806,1088,507,1028,56,73,19,76,32,11,0,0,0,0
54,malware_8,1,98,320,3498,904,609,556,556,556,177,48,14,2,64,64,64,57,56,545,213,25329,1114,531,1065,56,3,53,0,32,11,0,0,0,0
55,malware_9,1,98,420,3511,899,639,587,587,586,177,48,14,2,65,65,65,58,57,545,211,25255,1107,529,1061,57,2,42,9,32,11,0,0,0,0
55,malware_10,1,98,420,3525,902,667,614,614,612,177,48,14,2,66,66,66,59,58,545,212,25632,1115,516,1070,58,862,42,9,32,11,0,0,0,0
55,malware_11,1,98,621,3497,905,607,554,554,554,177,48,14,2,64,64,64,57,56,545,213,25676,1114,530,1067,56,2,42,9,32,11,0,0,0,0
